prefix,id
constituency_10_13,constituency_10_13_10
constituency_10_21,constituency_10_21_1
constituency_10_21,constituency_10_21_2
constituency_10_21,constituency_10_21_3
constituency_10_21,constituency_10_21_4
constituency_10_21,constituency_10_21_5
constituency_10_21,constituency_10_21_6
constituency_12_3,constituency_12_3_10
constituency_12_4,constituency_12_4_9
constituency_13_3,constituency_13_3_4
constituency_14_2,constituency_14_2_10
constituency_14_2,constituency_14_2_11
constituency_14_2,constituency_14_2_12
constituency_14_2,constituency_14_2_13
constituency_14_2,constituency_14_2_14
constituency_14_2,constituency_14_2_15
constituency_14_2,constituency_14_2_16
constituency_14_2,constituency_14_2_17
constituency_14_5,constituency_14_5_3
constituency_19_2,constituency_19_2_6
constituency_19_3,constituency_19_3_6
constituency_19_3,constituency_19_3_7
constituency_20_2,constituency_20_2_8
constituency_20_6,constituency_20_6_12
constituency_20_7,constituency_20_7_8
constituency_20_7,constituency_20_7_9
constituency_21_4,constituency_21_4_4
constituency_30_10,constituency_30_10_7
constituency_30_13,constituency_30_13_3
constituency_30_15,constituency_30_15_6
constituency_30_15,constituency_30_15_7
constituency_30_15,constituency_30_15_8
constituency_30_5,constituency_30_5_3
constituency_33_5,constituency_33_5_1
constituency_33_5,constituency_33_5_2
constituency_33_5,constituency_33_5_3
constituency_33_6,constituency_33_6_8
party_list_10_1,party_list_10_1_14
party_list_10_1,party_list_10_1_19
party_list_10_1,party_list_10_1_22
party_list_10_1,party_list_10_1_25
party_list_10_1,party_list_10_1_41
party_list_10_1,party_list_10_1_50
party_list_10_1,party_list_10_1_52
party_list_10_1,party_list_10_1_53
party_list_10_1,party_list_10_1_54
party_list_10_1,party_list_10_1_55
party_list_10_1,party_list_10_1_57
party_list_10_10,party_list_10_10_25
party_list_10_10,party_list_10_10_50
party_list_10_10,party_list_10_10_53
party_list_10_11,party_list_10_11_18
party_list_10_11,party_list_10_11_40
party_list_10_11,party_list_10_11_50
party_list_10_12,party_list_10_12_18
party_list_10_12,party_list_10_12_20
party_list_10_12,party_list_10_12_50
party_list_10_12,party_list_10_12_55
party_list_10_13,party_list_10_13_18
party_list_10_13,party_list_10_13_20
party_list_10_13,party_list_10_13_25
party_list_10_13,party_list_10_13_50
party_list_10_13,party_list_10_13_52
party_list_10_13,party_list_10_13_53
party_list_10_13,party_list_10_13_54
party_list_10_13,party_list_10_13_55
party_list_10_13,party_list_10_13_56
party_list_10_14,party_list_10_14_18
party_list_10_14,party_list_10_14_25
party_list_10_14,party_list_10_14_40
party_list_10_14,party_list_10_14_41
party_list_10_14,party_list_10_14_50
party_list_10_14,party_list_10_14_52
party_list_10_14,party_list_10_14_53
party_list_10_14,party_list_10_14_55
party_list_10_14,party_list_10_14_57
party_list_10_16,party_list_10_16_25
party_list_10_16,party_list_10_16_50
party_list_10_16,party_list_10_16_52
party_list_10_16,party_list_10_16_53
party_list_10_16,party_list_10_16_55
party_list_10_18,party_list_10_18_50
party_list_10_18,party_list_10_18_52
party_list_10_18,party_list_10_18_53
party_list_10_18,party_list_10_18_55
party_list_10_19,party_list_10_19_18
party_list_10_19,party_list_10_19_25
party_list_10_19,party_list_10_19_41
party_list_10_19,party_list_10_19_50
party_list_10_19,party_list_10_19_52
party_list_10_19,party_list_10_19_53
party_list_10_19,party_list_10_19_55
party_list_10_2,party_list_10_2_18
party_list_10_2,party_list_10_2_25
party_list_10_2,party_list_10_2_40
party_list_10_2,party_list_10_2_50
party_list_10_2,party_list_10_2_53
party_list_10_2,party_list_10_2_55
party_list_10_20,party_list_10_20_50
party_list_10_20,party_list_10_20_52
party_list_10_20,party_list_10_20_53
party_list_10_20,party_list_10_20_56
party_list_10_21,party_list_10_21_25
party_list_10_21,party_list_10_21_50
party_list_10_21,party_list_10_21_52
party_list_10_21,party_list_10_21_53
party_list_10_22,party_list_10_22_18
party_list_10_22,party_list_10_22_25
party_list_10_22,party_list_10_22_50
party_list_10_22,party_list_10_22_52
party_list_10_22,party_list_10_22_53
party_list_10_22,party_list_10_22_54
party_list_10_22,party_list_10_22_55
party_list_10_23,party_list_10_23_22
party_list_10_23,party_list_10_23_25
party_list_10_23,party_list_10_23_41
party_list_10_23,party_list_10_23_50
party_list_10_23,party_list_10_23_52
party_list_10_23,party_list_10_23_53
party_list_10_23,party_list_10_23_56
party_list_10_24,party_list_10_24_50
party_list_10_24,party_list_10_24_52
party_list_10_24,party_list_10_24_53
party_list_10_24,party_list_10_24_55
party_list_10_25,party_list_10_25_18
party_list_10_25,party_list_10_25_50
party_list_10_25,party_list_10_25_53
party_list_10_25,party_list_10_25_55
party_list_10_26,party_list_10_26_18
party_list_10_26,party_list_10_26_40
party_list_10_26,party_list_10_26_50
party_list_10_26,party_list_10_26_52
party_list_10_27,party_list_10_27_18
party_list_10_27,party_list_10_27_50
party_list_10_27,party_list_10_27_52
party_list_10_27,party_list_10_27_53
party_list_10_27,party_list_10_27_55
party_list_10_28,party_list_10_28_18
party_list_10_28,party_list_10_28_40
party_list_10_28,party_list_10_28_50
party_list_10_28,party_list_10_28_55
party_list_10_29,party_list_10_29_50
party_list_10_29,party_list_10_29_52
party_list_10_29,party_list_10_29_55
party_list_10_3,party_list_10_3_18
party_list_10_3,party_list_10_3_40
party_list_10_3,party_list_10_3_50
party_list_10_3,party_list_10_3_52
party_list_10_3,party_list_10_3_54
party_list_10_3,party_list_10_3_55
party_list_10_30,party_list_10_30_25
party_list_10_30,party_list_10_30_50
party_list_10_30,party_list_10_30_52
party_list_10_30,party_list_10_30_53
party_list_10_31,party_list_10_31_18
party_list_10_31,party_list_10_31_25
party_list_10_31,party_list_10_31_50
party_list_10_31,party_list_10_31_52
party_list_10_31,party_list_10_31_53
party_list_10_31,party_list_10_31_54
party_list_10_31,party_list_10_31_55
party_list_10_32,party_list_10_32_41
party_list_10_32,party_list_10_32_50
party_list_10_32,party_list_10_32_52
party_list_10_32,party_list_10_32_53
party_list_10_32,party_list_10_32_55
party_list_10_33,party_list_10_33_18
party_list_10_33,party_list_10_33_25
party_list_10_33,party_list_10_33_50
party_list_10_33,party_list_10_33_54
party_list_10_4,party_list_10_4_18
party_list_10_4,party_list_10_4_22
party_list_10_4,party_list_10_4_40
party_list_10_4,party_list_10_4_41
party_list_10_4,party_list_10_4_50
party_list_10_4,party_list_10_4_52
party_list_10_4,party_list_10_4_53
party_list_10_4,party_list_10_4_55
party_list_10_4,party_list_10_4_56
party_list_10_5,party_list_10_5_18
party_list_10_5,party_list_10_5_41
party_list_10_5,party_list_10_5_50
party_list_10_5,party_list_10_5_52
party_list_10_5,party_list_10_5_53
party_list_10_5,party_list_10_5_54
party_list_10_5,party_list_10_5_55
party_list_10_6,party_list_10_6_50
party_list_10_6,party_list_10_6_52
party_list_10_6,party_list_10_6_53
party_list_10_6,party_list_10_6_55
party_list_10_7,party_list_10_7_22
party_list_10_7,party_list_10_7_25
party_list_10_7,party_list_10_7_52
party_list_10_8,party_list_10_8_1
party_list_10_8,party_list_10_8_2
party_list_10_8,party_list_10_8_40
party_list_10_8,party_list_10_8_50
party_list_10_8,party_list_10_8_53
party_list_10_9,party_list_10_9_25
party_list_10_9,party_list_10_9_50
party_list_10_9,party_list_10_9_52
party_list_10_9,party_list_10_9_53
party_list_10_9,party_list_10_9_55
party_list_11_1,party_list_11_1_18
party_list_11_1,party_list_11_1_50
party_list_11_1,party_list_11_1_52
party_list_11_1,party_list_11_1_53
party_list_11_1,party_list_11_1_55
party_list_11_2,party_list_11_2_50
party_list_11_2,party_list_11_2_53
party_list_11_2,party_list_11_2_55
party_list_11_3,party_list_11_3_41
party_list_11_3,party_list_11_3_50
party_list_11_3,party_list_11_3_53
party_list_11_3,party_list_11_3_55
party_list_11_4,party_list_11_4_50
party_list_11_4,party_list_11_4_53
party_list_11_5,party_list_11_5_50
party_list_11_5,party_list_11_5_53
party_list_11_5,party_list_11_5_55
party_list_11_7,party_list_11_7_50
party_list_11_7,party_list_11_7_53
party_list_12_1,party_list_12_1_25
party_list_12_1,party_list_12_1_41
party_list_12_1,party_list_12_1_50
party_list_12_1,party_list_12_1_53
party_list_12_1,party_list_12_1_54
party_list_12_1,party_list_12_1_55
party_list_12_1,party_list_12_1_56
party_list_12_2,party_list_12_2_18
party_list_12_2,party_list_12_2_25
party_list_12_2,party_list_12_2_41
party_list_12_2,party_list_12_2_50
party_list_12_2,party_list_12_2_52
party_list_12_3,party_list_12_3_41
party_list_12_3,party_list_12_3_50
party_list_12_3,party_list_12_3_52
party_list_12_3,party_list_12_3_53
party_list_12_4,party_list_12_4_18
party_list_12_4,party_list_12_4_50
party_list_12_4,party_list_12_4_55
party_list_12_5,party_list_12_5_50
party_list_12_6,party_list_12_6_25
party_list_12_6,party_list_12_6_50
party_list_12_6,party_list_12_6_52
party_list_12_6,party_list_12_6_53
party_list_12_8,party_list_12_8_41
party_list_12_8,party_list_12_8_50
party_list_12_8,party_list_12_8_55
party_list_13_1,party_list_13_1_50
party_list_13_1,party_list_13_1_52
party_list_13_1,party_list_13_1_53
party_list_13_1,party_list_13_1_55
party_list_13_2,party_list_13_2_50
party_list_13_3,party_list_13_3_25
party_list_13_3,party_list_13_3_50
party_list_13_3,party_list_13_3_58
party_list_13_5,party_list_13_5_50
party_list_13_5,party_list_13_5_53
party_list_13_5,party_list_13_5_55
party_list_13_6,party_list_13_6_18
party_list_13_6,party_list_13_6_50
party_list_13_7,party_list_13_7_50
party_list_13_7,party_list_13_7_53
party_list_13_7,party_list_13_7_55
party_list_13_8,party_list_13_8_50
party_list_13_8,party_list_13_8_55
party_list_14_1,party_list_14_1_50
party_list_14_1,party_list_14_1_53
party_list_14_4,party_list_14_4_50
party_list_15_1,party_list_15_1_50
party_list_15_1,party_list_15_1_53
party_list_15_2,party_list_15_2_50
party_list_15_2,party_list_15_2_55
party_list_16_3,party_list_16_3_50
party_list_20_1,party_list_20_1_50
party_list_20_1,party_list_20_1_52
party_list_20_1,party_list_20_1_53
party_list_20_1,party_list_20_1_55
party_list_20_10,party_list_20_10_50
party_list_20_2,party_list_20_2_50
party_list_20_2,party_list_20_2_53
party_list_20_2,party_list_20_2_55
party_list_20_3,party_list_20_3_50
party_list_20_3,party_list_20_3_52
party_list_20_4,party_list_20_4_50
party_list_20_4,party_list_20_4_53
party_list_20_5,party_list_20_5_50
party_list_20_6,party_list_20_6_50
party_list_20_6,party_list_20_6_53
party_list_20_7,party_list_20_7_20
party_list_20_7,party_list_20_7_50
party_list_20_7,party_list_20_7_53
party_list_20_7,party_list_20_7_55
party_list_20_9,party_list_20_9_50
party_list_20_9,party_list_20_9_52
party_list_20_9,party_list_20_9_53
party_list_20_9,party_list_20_9_56
party_list_21_1,party_list_21_1_50
party_list_21_1,party_list_21_1_52
party_list_21_1,party_list_21_1_53
party_list_21_1,party_list_21_1_55
party_list_21_2,party_list_21_2_50
party_list_21_2,party_list_21_2_52
party_list_21_2,party_list_21_2_53
party_list_21_2,party_list_21_2_54
party_list_21_4,party_list_21_4_50
party_list_21_4,party_list_21_4_53
party_list_21_5,party_list_21_5_50
party_list_22_1,party_list_22_1_53
party_list_22_2,party_list_22_2_50
party_list_22_2,party_list_22_2_53
party_list_23_1,party_list_23_1_50
party_list_24_1,party_list_24_1_50
party_list_24_2,party_list_24_2_50
party_list_24_4,party_list_24_4_50
party_list_25_1,party_list_25_1_58
party_list_25_1,party_list_25_1_59
party_list_25_3,party_list_25_3_50
party_list_26_1,party_list_26_1_53
party_list_26_2,party_list_26_2_50
party_list_27_3,party_list_27_3_50
party_list_30_1,party_list_30_1_50
party_list_30_1,party_list_30_1_53
party_list_30_1,party_list_30_1_56
party_list_30_10,party_list_30_10_5
party_list_30_11,party_list_30_11_50
party_list_30_11,party_list_30_11_53
party_list_30_13,party_list_30_13_39
party_list_30_13,party_list_30_13_40
party_list_30_13,party_list_30_13_41
party_list_30_13,party_list_30_13_42
party_list_30_13,party_list_30_13_43
party_list_30_13,party_list_30_13_44
party_list_30_13,party_list_30_13_45
party_list_30_13,party_list_30_13_46
party_list_30_13,party_list_30_13_47
party_list_30_14,party_list_30_14_50
party_list_30_14,party_list_30_14_53
party_list_30_16,party_list_30_16_3
party_list_30_16,party_list_30_16_4
party_list_30_16,party_list_30_16_5
party_list_30_16,party_list_30_16_6
party_list_30_16,party_list_30_16_7
party_list_30_16,party_list_30_16_8
party_list_30_16,party_list_30_16_9
party_list_30_16,party_list_30_16_10
party_list_30_16,party_list_30_16_11
party_list_30_16,party_list_30_16_12
party_list_30_16,party_list_30_16_13
party_list_30_16,party_list_30_16_14
party_list_30_16,party_list_30_16_15
party_list_30_16,party_list_30_16_16
party_list_30_16,party_list_30_16_17
party_list_30_16,party_list_30_16_18
party_list_30_16,party_list_30_16_19
party_list_30_16,party_list_30_16_20
party_list_30_16,party_list_30_16_21
party_list_30_16,party_list_30_16_22
party_list_30_16,party_list_30_16_23
party_list_30_16,party_list_30_16_24
party_list_30_16,party_list_30_16_25
party_list_30_16,party_list_30_16_26
party_list_30_16,party_list_30_16_27
party_list_30_16,party_list_30_16_28
party_list_30_16,party_list_30_16_29
party_list_30_16,party_list_30_16_30
party_list_30_16,party_list_30_16_31
party_list_30_16,party_list_30_16_32
party_list_30_16,party_list_30_16_33
party_list_30_16,party_list_30_16_34
party_list_30_16,party_list_30_16_50
party_list_30_2,party_list_30_2_50
party_list_30_3,party_list_30_3_50
party_list_30_4,party_list_30_4_58
party_list_30_5,party_list_30_5_6
party_list_30_5,party_list_30_5_7
party_list_30_5,party_list_30_5_8
party_list_30_5,party_list_30_5_9
party_list_30_5,party_list_30_5_10
party_list_30_5,party_list_30_5_11
party_list_30_5,party_list_30_5_12
party_list_30_5,party_list_30_5_13
party_list_30_5,party_list_30_5_14
party_list_30_5,party_list_30_5_15
party_list_30_5,party_list_30_5_16
party_list_30_5,party_list_30_5_17
party_list_30_5,party_list_30_5_18
party_list_30_5,party_list_30_5_19
party_list_30_5,party_list_30_5_20
party_list_30_5,party_list_30_5_21
party_list_30_5,party_list_30_5_22
party_list_30_5,party_list_30_5_23
party_list_30_5,party_list_30_5_24
party_list_30_5,party_list_30_5_25
party_list_30_5,party_list_30_5_26
party_list_30_5,party_list_30_5_27
party_list_30_5,party_list_30_5_28
party_list_30_5,party_list_30_5_29
party_list_30_5,party_list_30_5_30
party_list_30_5,party_list_30_5_31
party_list_30_5,party_list_30_5_32
party_list_30_5,party_list_30_5_33
party_list_30_5,party_list_30_5_34
party_list_30_5,party_list_30_5_35
party_list_30_5,party_list_30_5_36
party_list_30_5,party_list_30_5_37
party_list_30_5,party_list_30_5_38
party_list_30_5,party_list_30_5_39
party_list_30_5,party_list_30_5_40
party_list_30_5,party_list_30_5_41
party_list_30_5,party_list_30_5_50
party_list_30_6,party_list_30_6_50
party_list_30_6,party_list_30_6_52
party_list_30_6,party_list_30_6_53
party_list_30_7,party_list_30_7_50
party_list_30_7,party_list_30_7_54
party_list_30_8,party_list_30_8_50
party_list_30_9,party_list_30_9_50
party_list_31_1,party_list_31_1_53
party_list_31_1,party_list_31_1_54
party_list_31_10,party_list_31_10_50
party_list_31_2,party_list_31_2_50
party_list_31_3,party_list_31_3_50
party_list_31_3,party_list_31_3_53
party_list_31_4,party_list_31_4_50
party_list_31_4,party_list_31_4_53
party_list_31_5,party_list_31_5_50
party_list_31_6,party_list_31_6_50
party_list_31_8,party_list_31_8_50
party_list_31_9,party_list_31_9_50
party_list_32_1,party_list_32_1_50
party_list_32_6,party_list_32_6_50
party_list_32_7,party_list_32_7_50
party_list_32_7,party_list_32_7_53
party_list_32_8,party_list_32_8_12
party_list_32_8,party_list_32_8_13
party_list_32_8,party_list_32_8_14
party_list_32_8,party_list_32_8_15
party_list_32_8,party_list_32_8_16
party_list_32_8,party_list_32_8_17
party_list_32_8,party_list_32_8_18
party_list_32_8,party_list_32_8_50
party_list_33_1,party_list_33_1_50
party_list_33_1,party_list_33_1_52
party_list_33_1,party_list_33_1_53
party_list_33_2,party_list_33_2_53
party_list_33_6,party_list_33_6_50
party_list_33_6,party_list_33_6_53
party_list_33_7,party_list_33_7_52
party_list_33_7,party_list_33_7_53
party_list_33_7,party_list_33_7_54
party_list_33_7,party_list_33_7_55
party_list_33_9,party_list_33_9_50
party_list_34_1,party_list_34_1_53
